{
  "model": "/u/fkm5yp/rustorbustyolo_jobs/rust_batch_20260421_144811/35images.pt",
  "input_dir": "/u/fkm5yp/rustorbustyolo_jobs/rust_batch_20260421_144811/input",
  "output_dir": "/u/fkm5yp/rustorbustyolo_jobs/rust_batch_20260421_144811/output/results",
  "images_processed": 7,
  "total_detections": 79,
  "rows": [
    {
      "image": "52a41c5f-66.jpg",
      "detections": 24,
      "masks": 24,
      "max_confidence": 0.8152,
      "avg_confidence": 0.5213,
      "mask_areas_px": [
        7365,
        4245,
        703,
        5882,
        494,
        2920,
        5414,
        243,
        819,
        412,
        23076,
        479,
        11241,
        3780,
        9427,
        5540,
        3336,
        618,
        612,
        4002,
        14266,
        6613,
        12374,
        402
      ],
      "total_mask_area_px": 124263,
      "image_width_px": 1920,
      "image_height_px": 1200,
      "coverage_pct": 5.3934,
      "confidences": [
        0.8152195811271667,
        0.7843929529190063,
        0.7090709209442139,
        0.7054349780082703,
        0.6719728708267212,
        0.6252592206001282,
        0.6232436895370483,
        0.6078702807426453,
        0.593917965888977,
        0.5908290147781372,
        0.5793004631996155,
        0.5676189064979553,
        0.5373541116714478,
        0.49973538517951965,
        0.4679911136627197,
        0.46562930941581726,
        0.4560515582561493,
        0.3940449655056,
        0.36856645345687866,
        0.33697691559791565,
        0.2951965630054474,
        0.29010432958602905,
        0.26956045627593994,
        0.2559877634048462
      ]
    },
    {
      "image": "8405ce2c-42.jpg",
      "detections": 4,
      "masks": 4,
      "max_confidence": 0.7588,
      "avg_confidence": 0.5059,
      "mask_areas_px": [
        27718,
        29992,
        1781,
        1489
      ],
      "total_mask_area_px": 60980,
      "image_width_px": 1920,
      "image_height_px": 1200,
      "coverage_pct": 2.6467,
      "confidences": [
        0.7588293552398682,
        0.4974513053894043,
        0.42734020948410034,
        0.33993855118751526
      ]
    },
    {
      "image": "9df46e29-67.jpg",
      "detections": 15,
      "masks": 15,
      "max_confidence": 0.925,
      "avg_confidence": 0.691,
      "mask_areas_px": [
        10640,
        13411,
        15554,
        26342,
        10867,
        11383,
        4408,
        30895,
        23127,
        8742,
        13375,
        14358,
        32782,
        64591,
        36887
      ],
      "total_mask_area_px": 317362,
      "image_width_px": 1920,
      "image_height_px": 1200,
      "coverage_pct": 13.7744,
      "confidences": [
        0.92502760887146,
        0.913877010345459,
        0.8785242438316345,
        0.8673927187919617,
        0.8293379545211792,
        0.7927148342132568,
        0.7378410696983337,
        0.7149474620819092,
        0.7127951383590698,
        0.6705445647239685,
        0.6038001179695129,
        0.4821159839630127,
        0.47094446420669556,
        0.4354768395423889,
        0.3298654556274414
      ]
    },
    {
      "image": "c17f9757-21.jpg",
      "detections": 6,
      "masks": 6,
      "max_confidence": 0.7296,
      "avg_confidence": 0.5883,
      "mask_areas_px": [
        2949,
        20201,
        7954,
        26276,
        40348,
        30301
      ],
      "total_mask_area_px": 128029,
      "image_width_px": 1920,
      "image_height_px": 1200,
      "coverage_pct": 5.5568,
      "confidences": [
        0.7296492457389832,
        0.6806848049163818,
        0.6538456082344055,
        0.614162802696228,
        0.49960845708847046,
        0.35194745659828186
      ]
    },
    {
      "image": "c8d2564b-13.jpg",
      "detections": 10,
      "masks": 10,
      "max_confidence": 0.9075,
      "avg_confidence": 0.6566,
      "mask_areas_px": [
        7017,
        139641,
        15598,
        72956,
        12463,
        2240,
        822,
        9870,
        12173,
        10874
      ],
      "total_mask_area_px": 283654,
      "image_width_px": 1920,
      "image_height_px": 1200,
      "coverage_pct": 12.3114,
      "confidences": [
        0.9074739813804626,
        0.8827060461044312,
        0.8497222661972046,
        0.8302688598632812,
        0.8046305775642395,
        0.6781676411628723,
        0.6309995055198669,
        0.3932584822177887,
        0.3228277862071991,
        0.26560115814208984
      ]
    },
    {
      "image": "f590c007-46.jpg",
      "detections": 5,
      "masks": 5,
      "max_confidence": 0.7325,
      "avg_confidence": 0.4655,
      "mask_areas_px": [
        133218,
        549,
        6393,
        1285,
        1098
      ],
      "total_mask_area_px": 142543,
      "image_width_px": 1920,
      "image_height_px": 1200,
      "coverage_pct": 6.1868,
      "confidences": [
        0.7324813008308411,
        0.5084026455879211,
        0.49817633628845215,
        0.3270481824874878,
        0.2611551582813263
      ]
    },
    {
      "image": "f8c27f4a-12.jpg",
      "detections": 15,
      "masks": 15,
      "max_confidence": 0.929,
      "avg_confidence": 0.6823,
      "mask_areas_px": [
        98723,
        8940,
        5852,
        2087,
        48211,
        71329,
        3543,
        1637,
        3724,
        2672,
        2994,
        1136,
        77663,
        680,
        595
      ],
      "total_mask_area_px": 329786,
      "image_width_px": 1920,
      "image_height_px": 1200,
      "coverage_pct": 14.3136,
      "confidences": [
        0.9289746880531311,
        0.8850992918014526,
        0.8373338580131531,
        0.8315330147743225,
        0.8124951720237732,
        0.8073640465736389,
        0.7852063179016113,
        0.7731340527534485,
        0.653705894947052,
        0.6431809067726135,
        0.6238968968391418,
        0.5766293406486511,
        0.47777923941612244,
        0.3293434679508209,
        0.26807546615600586
      ]
    }
  ]
}