{
  "model": "/u/fkm5yp/rustorbustyolo_jobs/rust_batch_20260418_152821/35images.pt",
  "input_dir": "/u/fkm5yp/rustorbustyolo_jobs/rust_batch_20260418_152821/input",
  "output_dir": "/u/fkm5yp/rustorbustyolo_jobs/rust_batch_20260418_152821/output/results",
  "images_processed": 7,
  "total_detections": 79,
  "rows": [
    {
      "image": "52a41c5f-66.jpg",
      "detections": 24,
      "masks": 24,
      "max_confidence": 0.8152,
      "avg_confidence": 0.5213,
      "mask_areas_px": [
        7365,
        4245,
        703,
        5882,
        494,
        2920,
        5414,
        243,
        819,
        412,
        23076,
        479,
        11241,
        3780,
        9427,
        5540,
        3336,
        618,
        612,
        4002,
        14266,
        6613,
        12374,
        402
      ],
      "total_mask_area_px": 124263,
      "image_width_px": 1920,
      "image_height_px": 1200,
      "coverage_pct": 5.3934,
      "confidences": [
        0.8152197599411011,
        0.7843924164772034,
        0.7090705037117004,
        0.7054351568222046,
        0.6719727516174316,
        0.6252591609954834,
        0.623243510723114,
        0.6078707575798035,
        0.5939174890518188,
        0.5908293128013611,
        0.5793004631996155,
        0.5676183104515076,
        0.5373541116714478,
        0.4997355043888092,
        0.4679906964302063,
        0.4656298756599426,
        0.4560518264770508,
        0.3940451741218567,
        0.3685670495033264,
        0.3369767665863037,
        0.2951965630054474,
        0.2901042401790619,
        0.26955997943878174,
        0.25598785281181335
      ]
    },
    {
      "image": "8405ce2c-42.jpg",
      "detections": 4,
      "masks": 4,
      "max_confidence": 0.7588,
      "avg_confidence": 0.5059,
      "mask_areas_px": [
        27718,
        29992,
        1781,
        1489
      ],
      "total_mask_area_px": 60980,
      "image_width_px": 1920,
      "image_height_px": 1200,
      "coverage_pct": 2.6467,
      "confidences": [
        0.7588294744491577,
        0.49745118618011475,
        0.427340030670166,
        0.33993878960609436
      ]
    },
    {
      "image": "9df46e29-67.jpg",
      "detections": 15,
      "masks": 15,
      "max_confidence": 0.925,
      "avg_confidence": 0.691,
      "mask_areas_px": [
        10640,
        13411,
        15554,
        26342,
        10867,
        11383,
        4408,
        30895,
        23127,
        8742,
        13375,
        14358,
        32782,
        64591,
        36887
      ],
      "total_mask_area_px": 317362,
      "image_width_px": 1920,
      "image_height_px": 1200,
      "coverage_pct": 13.7744,
      "confidences": [
        0.9250277876853943,
        0.913877010345459,
        0.8785240650177002,
        0.8673926591873169,
        0.8293377757072449,
        0.7927146553993225,
        0.7378412485122681,
        0.7149474620819092,
        0.7127951383590698,
        0.6705440282821655,
        0.6038004159927368,
        0.4821159839630127,
        0.4709446430206299,
        0.4354771077632904,
        0.32986557483673096
      ]
    },
    {
      "image": "c17f9757-21.jpg",
      "detections": 6,
      "masks": 6,
      "max_confidence": 0.7296,
      "avg_confidence": 0.5883,
      "mask_areas_px": [
        2949,
        20201,
        7954,
        26276,
        40348,
        30301
      ],
      "total_mask_area_px": 128029,
      "image_width_px": 1920,
      "image_height_px": 1200,
      "coverage_pct": 5.5568,
      "confidences": [
        0.7296488285064697,
        0.6806848049163818,
        0.6538459658622742,
        0.614162802696228,
        0.4996086359024048,
        0.35194745659828186
      ]
    },
    {
      "image": "c8d2564b-13.jpg",
      "detections": 10,
      "masks": 10,
      "max_confidence": 0.9075,
      "avg_confidence": 0.6566,
      "mask_areas_px": [
        7017,
        139641,
        15598,
        72956,
        12463,
        2240,
        822,
        9870,
        12173,
        10874
      ],
      "total_mask_area_px": 283654,
      "image_width_px": 1920,
      "image_height_px": 1200,
      "coverage_pct": 12.3114,
      "confidences": [
        0.9074741005897522,
        0.8827061653137207,
        0.8497222065925598,
        0.8302687406539917,
        0.80463045835495,
        0.6781677603721619,
        0.6309996843338013,
        0.393258273601532,
        0.32282769680023193,
        0.26560088992118835
      ]
    },
    {
      "image": "f590c007-46.jpg",
      "detections": 5,
      "masks": 5,
      "max_confidence": 0.7325,
      "avg_confidence": 0.4655,
      "mask_areas_px": [
        133218,
        549,
        6393,
        1285,
        1098
      ],
      "total_mask_area_px": 142543,
      "image_width_px": 1920,
      "image_height_px": 1200,
      "coverage_pct": 6.1868,
      "confidences": [
        0.7324814200401306,
        0.508402407169342,
        0.4981759786605835,
        0.32704848051071167,
        0.2611548900604248
      ]
    },
    {
      "image": "f8c27f4a-12.jpg",
      "detections": 15,
      "masks": 15,
      "max_confidence": 0.929,
      "avg_confidence": 0.6823,
      "mask_areas_px": [
        98723,
        8940,
        5852,
        2087,
        48211,
        71329,
        3543,
        1637,
        3724,
        2672,
        2994,
        1136,
        77663,
        680,
        595
      ],
      "total_mask_area_px": 329786,
      "image_width_px": 1920,
      "image_height_px": 1200,
      "coverage_pct": 14.3136,
      "confidences": [
        0.9289746880531311,
        0.8850992918014526,
        0.8373338580131531,
        0.8315332531929016,
        0.8124951124191284,
        0.8073640465736389,
        0.7852064371109009,
        0.7731344103813171,
        0.6537062525749207,
        0.6431810259819031,
        0.6238969564437866,
        0.5766292810440063,
        0.47777923941612244,
        0.3293437957763672,
        0.26807528734207153
      ]
    }
  ]
}