{
  "model": "/u/fkm5yp/rustorbustyolo_jobs/rust_batch_20260420_131226/35images.pt",
  "input_dir": "/u/fkm5yp/rustorbustyolo_jobs/rust_batch_20260420_131226/input",
  "output_dir": "/u/fkm5yp/rustorbustyolo_jobs/rust_batch_20260420_131226/output/results",
  "images_processed": 7,
  "total_detections": 79,
  "rows": [
    {
      "image": "52a41c5f-66.jpg",
      "detections": 24,
      "masks": 24,
      "max_confidence": 0.8152,
      "avg_confidence": 0.5213,
      "mask_areas_px": [
        7365,
        4245,
        703,
        5882,
        494,
        2920,
        5414,
        243,
        819,
        412,
        23076,
        479,
        11241,
        3780,
        9427,
        5540,
        3336,
        618,
        612,
        4002,
        14266,
        6613,
        12374,
        402
      ],
      "total_mask_area_px": 124263,
      "image_width_px": 1920,
      "image_height_px": 1200,
      "coverage_pct": 5.3934,
      "confidences": [
        0.8152197599411011,
        0.7843929529190063,
        0.7090706825256348,
        0.7054351568222046,
        0.6719726324081421,
        0.6252594590187073,
        0.623243510723114,
        0.6078702807426453,
        0.5939173102378845,
        0.5908292531967163,
        0.5793002247810364,
        0.5676190257072449,
        0.5373538732528687,
        0.49973538517951965,
        0.4679906964302063,
        0.465629518032074,
        0.45605170726776123,
        0.3940446972846985,
        0.3685670495033264,
        0.3369765877723694,
        0.2951965630054474,
        0.2901044189929962,
        0.2695602476596832,
        0.25598812103271484
      ]
    },
    {
      "image": "8405ce2c-42.jpg",
      "detections": 4,
      "masks": 4,
      "max_confidence": 0.7588,
      "avg_confidence": 0.5059,
      "mask_areas_px": [
        27718,
        29992,
        1781,
        1489
      ],
      "total_mask_area_px": 60980,
      "image_width_px": 1920,
      "image_height_px": 1200,
      "coverage_pct": 2.6467,
      "confidences": [
        0.7588292956352234,
        0.49745094776153564,
        0.42734047770500183,
        0.3399388790130615
      ]
    },
    {
      "image": "9df46e29-67.jpg",
      "detections": 15,
      "masks": 15,
      "max_confidence": 0.925,
      "avg_confidence": 0.691,
      "mask_areas_px": [
        10640,
        13411,
        15554,
        26342,
        10867,
        11383,
        4408,
        30895,
        23127,
        8742,
        13375,
        14358,
        32782,
        64591,
        36887
      ],
      "total_mask_area_px": 317362,
      "image_width_px": 1920,
      "image_height_px": 1200,
      "coverage_pct": 13.7744,
      "confidences": [
        0.92502760887146,
        0.913877010345459,
        0.8785243034362793,
        0.8673927187919617,
        0.829338014125824,
        0.7927148342132568,
        0.7378410696983337,
        0.7149474620819092,
        0.7127952575683594,
        0.6705445647239685,
        0.6038001775741577,
        0.482115775346756,
        0.4709446430206299,
        0.4354771077632904,
        0.3298652470111847
      ]
    },
    {
      "image": "c17f9757-21.jpg",
      "detections": 6,
      "masks": 6,
      "max_confidence": 0.7296,
      "avg_confidence": 0.5883,
      "mask_areas_px": [
        2949,
        20201,
        7954,
        26276,
        40348,
        30301
      ],
      "total_mask_area_px": 128029,
      "image_width_px": 1920,
      "image_height_px": 1200,
      "coverage_pct": 5.5568,
      "confidences": [
        0.7296492457389832,
        0.6806850433349609,
        0.6538458466529846,
        0.614162802696228,
        0.49960845708847046,
        0.35194745659828186
      ]
    },
    {
      "image": "c8d2564b-13.jpg",
      "detections": 10,
      "masks": 10,
      "max_confidence": 0.9075,
      "avg_confidence": 0.6566,
      "mask_areas_px": [
        7017,
        139641,
        15598,
        72956,
        12463,
        2240,
        822,
        9870,
        12173,
        10874
      ],
      "total_mask_area_px": 283654,
      "image_width_px": 1920,
      "image_height_px": 1200,
      "coverage_pct": 12.3114,
      "confidences": [
        0.9074739217758179,
        0.8827060461044312,
        0.8497222661972046,
        0.8302686810493469,
        0.8046305775642395,
        0.6781677603721619,
        0.6309992074966431,
        0.3932591676712036,
        0.3228277862071991,
        0.26560115814208984
      ]
    },
    {
      "image": "f590c007-46.jpg",
      "detections": 5,
      "masks": 5,
      "max_confidence": 0.7325,
      "avg_confidence": 0.4655,
      "mask_areas_px": [
        133218,
        549,
        6393,
        1285,
        1098
      ],
      "total_mask_area_px": 142543,
      "image_width_px": 1920,
      "image_height_px": 1200,
      "coverage_pct": 6.1868,
      "confidences": [
        0.7324812412261963,
        0.5084030032157898,
        0.49817609786987305,
        0.32704827189445496,
        0.26115524768829346
      ]
    },
    {
      "image": "f8c27f4a-12.jpg",
      "detections": 15,
      "masks": 15,
      "max_confidence": 0.929,
      "avg_confidence": 0.6823,
      "mask_areas_px": [
        98723,
        8940,
        5852,
        2087,
        48211,
        71329,
        3543,
        1637,
        3724,
        2672,
        2994,
        1136,
        77663,
        680,
        595
      ],
      "total_mask_area_px": 329786,
      "image_width_px": 1920,
      "image_height_px": 1200,
      "coverage_pct": 14.3136,
      "confidences": [
        0.9289746880531311,
        0.8850992918014526,
        0.8373338580131531,
        0.8315330147743225,
        0.8124951124191284,
        0.8073641657829285,
        0.7852063179016113,
        0.7731342315673828,
        0.6537055373191833,
        0.6431806683540344,
        0.6238970756530762,
        0.5766297578811646,
        0.47777971625328064,
        0.3293437063694,
        0.26807546615600586
      ]
    }
  ]
}